coreid,identifier,accessURI,thumbnailAccessURI,goodQualityAccessURI,format,type,subtype,rights,Owner,creator,UsageTerms,WebStatement,caption,comments,tag,providerManagedID,MetadataDate,associatedSpecimenReference,metadataLanguage
1066216,https://media01.symbiota.org/media/ecdysis/UA_UAIC/202108/UAIC1137696_labels_dorsal.JPG,https://media01.symbiota.org/media/ecdysis/UA_UAIC/202108/UAIC1137696_labels_dorsal.JPG,https://media01.symbiota.org/media/ecdysis/UA_UAIC/202108/UAIC1137696_labels_dorsal_tn.jpg,https://media01.symbiota.org/media/ecdysis/UA_UAIC/202108/UAIC1137696_labels_dorsal_lg.jpg,image/jpeg,StillImage,Photograph,,"University of Arizona Insect Collection (UA-UA)",,"CC0 1.0 (Public-domain)",http://creativecommons.org/publicdomain/zero/1.0/,,,,urn:uuid:ac6b33f6-6ed1-4da5-bb3e-4002eafc42fb,"2022-08-02 11:51:57",https://ecdysis.org/collections/individual/index.php?occid=1066216,en
1066217,https://media01.symbiota.org/media/ecdysis/UA_UAIC/202108/UAIC1137702_labels_dorsal.JPG,https://media01.symbiota.org/media/ecdysis/UA_UAIC/202108/UAIC1137702_labels_dorsal.JPG,https://media01.symbiota.org/media/ecdysis/UA_UAIC/202108/UAIC1137702_labels_dorsal_tn.jpg,https://media01.symbiota.org/media/ecdysis/UA_UAIC/202108/UAIC1137702_labels_dorsal_lg.jpg,image/jpeg,StillImage,Photograph,,"University of Arizona Insect Collection (UA-UA)",,"CC0 1.0 (Public-domain)",http://creativecommons.org/publicdomain/zero/1.0/,,,,urn:uuid:740dde1c-98e8-4e31-91f1-429af830226a,"2022-08-02 11:51:57",https://ecdysis.org/collections/individual/index.php?occid=1066217,en
1066218,https://media01.symbiota.org/media/ecdysis/UA_UAIC/202108/UAIC1137703_labels_dorsal.JPG,https://media01.symbiota.org/media/ecdysis/UA_UAIC/202108/UAIC1137703_labels_dorsal.JPG,https://media01.symbiota.org/media/ecdysis/UA_UAIC/202108/UAIC1137703_labels_dorsal_tn.jpg,https://media01.symbiota.org/media/ecdysis/UA_UAIC/202108/UAIC1137703_labels_dorsal_lg.jpg,image/jpeg,StillImage,Photograph,,"University of Arizona Insect Collection (UA-UA)",,"CC0 1.0 (Public-domain)",http://creativecommons.org/publicdomain/zero/1.0/,,,,urn:uuid:7c5cd948-bd9b-4a9b-ae7c-d3c3af82dcb6,"2022-08-02 11:51:57",https://ecdysis.org/collections/individual/index.php?occid=1066218,en
1066219,https://media01.symbiota.org/media/ecdysis/UA_UAIC/202108/UAIC1137704_labels_dorsal.JPG,https://media01.symbiota.org/media/ecdysis/UA_UAIC/202108/UAIC1137704_labels_dorsal.JPG,https://media01.symbiota.org/media/ecdysis/UA_UAIC/202108/UAIC1137704_labels_dorsal_tn.jpg,https://media01.symbiota.org/media/ecdysis/UA_UAIC/202108/UAIC1137704_labels_dorsal_lg.jpg,image/jpeg,StillImage,Photograph,,"University of Arizona Insect Collection (UA-UA)",,"CC0 1.0 (Public-domain)",http://creativecommons.org/publicdomain/zero/1.0/,,,,urn:uuid:1da3bd89-8b41-4f34-bca8-7d7aa4e6ab65,"2022-08-02 11:51:57",https://ecdysis.org/collections/individual/index.php?occid=1066219,en
1066220,https://media01.symbiota.org/media/ecdysis/UA_UAIC/202108/UAIC1137705_labels_dorsal.JPG,https://media01.symbiota.org/media/ecdysis/UA_UAIC/202108/UAIC1137705_labels_dorsal.JPG,https://media01.symbiota.org/media/ecdysis/UA_UAIC/202108/UAIC1137705_labels_dorsal_tn.jpg,https://media01.symbiota.org/media/ecdysis/UA_UAIC/202108/UAIC1137705_labels_dorsal_lg.jpg,image/jpeg,StillImage,Photograph,,"University of Arizona Insect Collection (UA-UA)",,"CC0 1.0 (Public-domain)",http://creativecommons.org/publicdomain/zero/1.0/,,,,urn:uuid:17ea57d7-5156-4425-988f-98d41af7a28d,"2022-08-02 11:51:57",https://ecdysis.org/collections/individual/index.php?occid=1066220,en
1066248,https://media01.symbiota.org/media/ecdysis/UA_UAIC/202108/UAIC1137699_labels_dorsal.JPG,https://media01.symbiota.org/media/ecdysis/UA_UAIC/202108/UAIC1137699_labels_dorsal.JPG,https://media01.symbiota.org/media/ecdysis/UA_UAIC/202108/UAIC1137699_labels_dorsal_tn.jpg,https://media01.symbiota.org/media/ecdysis/UA_UAIC/202108/UAIC1137699_labels_dorsal_lg.jpg,image/jpeg,StillImage,Photograph,,"University of Arizona Insect Collection (UA-UA)",,"CC0 1.0 (Public-domain)",http://creativecommons.org/publicdomain/zero/1.0/,,,,urn:uuid:22ce3d80-6e3d-4800-80e5-87ac6ac6247e,"2022-08-02 11:51:57",https://ecdysis.org/collections/individual/index.php?occid=1066248,en
1066258,https://media01.symbiota.org/media/ecdysis/UA_UAIC/202108/UAIC1137687_labels_dorsal.JPG,https://media01.symbiota.org/media/ecdysis/UA_UAIC/202108/UAIC1137687_labels_dorsal.JPG,https://media01.symbiota.org/media/ecdysis/UA_UAIC/202108/UAIC1137687_labels_dorsal_tn.jpg,https://media01.symbiota.org/media/ecdysis/UA_UAIC/202108/UAIC1137687_labels_dorsal_lg.jpg,image/jpeg,StillImage,Photograph,,"University of Arizona Insect Collection (UA-UA)",,"CC0 1.0 (Public-domain)",http://creativecommons.org/publicdomain/zero/1.0/,,,,urn:uuid:a173f916-f538-4b63-a8c3-def179662d9e,"2022-08-02 11:51:57",https://ecdysis.org/collections/individual/index.php?occid=1066258,en
1066259,https://media01.symbiota.org/media/ecdysis/UA_UAIC/202108/UAIC1137690_labels_dorsal.JPG,https://media01.symbiota.org/media/ecdysis/UA_UAIC/202108/UAIC1137690_labels_dorsal.JPG,https://media01.symbiota.org/media/ecdysis/UA_UAIC/202108/UAIC1137690_labels_dorsal_tn.jpg,https://media01.symbiota.org/media/ecdysis/UA_UAIC/202108/UAIC1137690_labels_dorsal_lg.jpg,image/jpeg,StillImage,Photograph,,"University of Arizona Insect Collection (UA-UA)",,"CC0 1.0 (Public-domain)",http://creativecommons.org/publicdomain/zero/1.0/,,,,urn:uuid:f003ca9f-c46a-4375-b79b-25a646ea4c08,"2022-08-02 11:51:57",https://ecdysis.org/collections/individual/index.php?occid=1066259,en
1066295,https://media01.symbiota.org/media/ecdysis/UA_UAIC/202108/UAIC1137685_labels_dorsal.JPG,https://media01.symbiota.org/media/ecdysis/UA_UAIC/202108/UAIC1137685_labels_dorsal.JPG,https://media01.symbiota.org/media/ecdysis/UA_UAIC/202108/UAIC1137685_labels_dorsal_tn.jpg,https://media01.symbiota.org/media/ecdysis/UA_UAIC/202108/UAIC1137685_labels_dorsal_lg.jpg,image/jpeg,StillImage,Photograph,,"University of Arizona Insect Collection (UA-UA)",,"CC0 1.0 (Public-domain)",http://creativecommons.org/publicdomain/zero/1.0/,,,,urn:uuid:ebb97bc3-f63e-4ea2-a5e7-296bb071c8d4,"2022-08-02 11:51:57",https://ecdysis.org/collections/individual/index.php?occid=1066295,en
1066296,https://media01.symbiota.org/media/ecdysis/UA_UAIC/202108/UAIC1137686_labels_dorsal.JPG,https://media01.symbiota.org/media/ecdysis/UA_UAIC/202108/UAIC1137686_labels_dorsal.JPG,https://media01.symbiota.org/media/ecdysis/UA_UAIC/202108/UAIC1137686_labels_dorsal_tn.jpg,https://media01.symbiota.org/media/ecdysis/UA_UAIC/202108/UAIC1137686_labels_dorsal_lg.jpg,image/jpeg,StillImage,Photograph,,"University of Arizona Insect Collection (UA-UA)",,"CC0 1.0 (Public-domain)",http://creativecommons.org/publicdomain/zero/1.0/,,,,urn:uuid:adedba4d-a81c-4568-8429-41986cc7b4a5,"2022-08-02 11:51:57",https://ecdysis.org/collections/individual/index.php?occid=1066296,en
1066297,https://media01.symbiota.org/media/ecdysis/UA_UAIC/202108/UAIC1137693_labels_dorsal.JPG,https://media01.symbiota.org/media/ecdysis/UA_UAIC/202108/UAIC1137693_labels_dorsal.JPG,https://media01.symbiota.org/media/ecdysis/UA_UAIC/202108/UAIC1137693_labels_dorsal_tn.jpg,https://media01.symbiota.org/media/ecdysis/UA_UAIC/202108/UAIC1137693_labels_dorsal_lg.jpg,image/jpeg,StillImage,Photograph,,"University of Arizona Insect Collection (UA-UA)",,"CC0 1.0 (Public-domain)",http://creativecommons.org/publicdomain/zero/1.0/,,,,urn:uuid:eab2173b-1bcc-4102-a258-58b1978dc504,"2022-08-02 11:51:57",https://ecdysis.org/collections/individual/index.php?occid=1066297,en
1066298,https://media01.symbiota.org/media/ecdysis/UA_UAIC/202108/UAIC1137694_labels_dorsal.JPG,https://media01.symbiota.org/media/ecdysis/UA_UAIC/202108/UAIC1137694_labels_dorsal.JPG,https://media01.symbiota.org/media/ecdysis/UA_UAIC/202108/UAIC1137694_labels_dorsal_tn.jpg,https://media01.symbiota.org/media/ecdysis/UA_UAIC/202108/UAIC1137694_labels_dorsal_lg.jpg,image/jpeg,StillImage,Photograph,,"University of Arizona Insect Collection (UA-UA)",,"CC0 1.0 (Public-domain)",http://creativecommons.org/publicdomain/zero/1.0/,,,,urn:uuid:e6b91239-07f6-4419-b772-712d58654119,"2022-08-02 11:51:57",https://ecdysis.org/collections/individual/index.php?occid=1066298,en
1066310,https://media01.symbiota.org/media/ecdysis/UA_UAIC/202108/UAIC1137679_labels_dorsal.JPG,https://media01.symbiota.org/media/ecdysis/UA_UAIC/202108/UAIC1137679_labels_dorsal.JPG,https://media01.symbiota.org/media/ecdysis/UA_UAIC/202108/UAIC1137679_labels_dorsal_tn.jpg,https://media01.symbiota.org/media/ecdysis/UA_UAIC/202108/UAIC1137679_labels_dorsal_lg.jpg,image/jpeg,StillImage,Photograph,,"University of Arizona Insect Collection (UA-UA)",,"CC0 1.0 (Public-domain)",http://creativecommons.org/publicdomain/zero/1.0/,,,,urn:uuid:1304b6b6-2852-46ce-a6a3-a3910e4f47af,"2022-08-02 11:51:57",https://ecdysis.org/collections/individual/index.php?occid=1066310,en
1066311,https://media01.symbiota.org/media/ecdysis/UA_UAIC/202108/UAIC1137673_labels_dorsal.JPG,https://media01.symbiota.org/media/ecdysis/UA_UAIC/202108/UAIC1137673_labels_dorsal.JPG,https://media01.symbiota.org/media/ecdysis/UA_UAIC/202108/UAIC1137673_labels_dorsal_tn.jpg,https://media01.symbiota.org/media/ecdysis/UA_UAIC/202108/UAIC1137673_labels_dorsal_lg.jpg,image/jpeg,StillImage,Photograph,,"University of Arizona Insect Collection (UA-UA)",,"CC0 1.0 (Public-domain)",http://creativecommons.org/publicdomain/zero/1.0/,,,,urn:uuid:73b8dea7-3983-4454-958d-5d01ab91a435,"2022-08-02 11:51:57",https://ecdysis.org/collections/individual/index.php?occid=1066311,en
1066312,https://media01.symbiota.org/media/ecdysis/UA_UAIC/202108/UAIC1137675_labels_dorsal.JPG,https://media01.symbiota.org/media/ecdysis/UA_UAIC/202108/UAIC1137675_labels_dorsal.JPG,https://media01.symbiota.org/media/ecdysis/UA_UAIC/202108/UAIC1137675_labels_dorsal_tn.jpg,https://media01.symbiota.org/media/ecdysis/UA_UAIC/202108/UAIC1137675_labels_dorsal_lg.jpg,image/jpeg,StillImage,Photograph,,"University of Arizona Insect Collection (UA-UA)",,"CC0 1.0 (Public-domain)",http://creativecommons.org/publicdomain/zero/1.0/,,,,urn:uuid:6b26de83-5b7b-42af-8f23-ef0354b3c190,"2022-08-02 11:51:57",https://ecdysis.org/collections/individual/index.php?occid=1066312,en
1066313,https://media01.symbiota.org/media/ecdysis/UA_UAIC/202108/UAIC1137676_labels_dorsal.JPG,https://media01.symbiota.org/media/ecdysis/UA_UAIC/202108/UAIC1137676_labels_dorsal.JPG,https://media01.symbiota.org/media/ecdysis/UA_UAIC/202108/UAIC1137676_labels_dorsal_tn.jpg,https://media01.symbiota.org/media/ecdysis/UA_UAIC/202108/UAIC1137676_labels_dorsal_lg.jpg,image/jpeg,StillImage,Photograph,,"University of Arizona Insect Collection (UA-UA)",,"CC0 1.0 (Public-domain)",http://creativecommons.org/publicdomain/zero/1.0/,,,,urn:uuid:0d488fd2-4063-484a-b8fc-d04444d3757c,"2022-08-02 11:51:57",https://ecdysis.org/collections/individual/index.php?occid=1066313,en
1066314,https://media01.symbiota.org/media/ecdysis/UA_UAIC/202108/UAIC1137677_labels_dorsal.JPG,https://media01.symbiota.org/media/ecdysis/UA_UAIC/202108/UAIC1137677_labels_dorsal.JPG,https://media01.symbiota.org/media/ecdysis/UA_UAIC/202108/UAIC1137677_labels_dorsal_tn.jpg,https://media01.symbiota.org/media/ecdysis/UA_UAIC/202108/UAIC1137677_labels_dorsal_lg.jpg,image/jpeg,StillImage,Photograph,,"University of Arizona Insect Collection (UA-UA)",,"CC0 1.0 (Public-domain)",http://creativecommons.org/publicdomain/zero/1.0/,,,,urn:uuid:891612de-1287-4e8c-aaf3-1931d9cd6117,"2022-08-02 11:51:57",https://ecdysis.org/collections/individual/index.php?occid=1066314,en
1066330,https://media01.symbiota.org/media/ecdysis/UA_UAIC/202108/UAIC1137695_labels_dorsal.JPG,https://media01.symbiota.org/media/ecdysis/UA_UAIC/202108/UAIC1137695_labels_dorsal.JPG,https://media01.symbiota.org/media/ecdysis/UA_UAIC/202108/UAIC1137695_labels_dorsal_tn.jpg,https://media01.symbiota.org/media/ecdysis/UA_UAIC/202108/UAIC1137695_labels_dorsal_lg.jpg,image/jpeg,StillImage,Photograph,,"University of Arizona Insect Collection (UA-UA)",,"CC0 1.0 (Public-domain)",http://creativecommons.org/publicdomain/zero/1.0/,,,,urn:uuid:fdb00ea8-f5ec-4593-ad63-26cbf6f80d41,"2022-08-02 11:51:57",https://ecdysis.org/collections/individual/index.php?occid=1066330,en
1066331,https://media01.symbiota.org/media/ecdysis/UA_UAIC/202108/UAIC1137697_labels_dorsal.JPG,https://media01.symbiota.org/media/ecdysis/UA_UAIC/202108/UAIC1137697_labels_dorsal.JPG,https://media01.symbiota.org/media/ecdysis/UA_UAIC/202108/UAIC1137697_labels_dorsal_tn.jpg,https://media01.symbiota.org/media/ecdysis/UA_UAIC/202108/UAIC1137697_labels_dorsal_lg.jpg,image/jpeg,StillImage,Photograph,,"University of Arizona Insect Collection (UA-UA)",,"CC0 1.0 (Public-domain)",http://creativecommons.org/publicdomain/zero/1.0/,,,,urn:uuid:eac43e7b-a97d-480e-8538-deec838f270b,"2022-08-02 11:51:57",https://ecdysis.org/collections/individual/index.php?occid=1066331,en
1066332,https://media01.symbiota.org/media/ecdysis/UA_UAIC/202108/UAIC1137698_labels_dorsal.JPG,https://media01.symbiota.org/media/ecdysis/UA_UAIC/202108/UAIC1137698_labels_dorsal.JPG,https://media01.symbiota.org/media/ecdysis/UA_UAIC/202108/UAIC1137698_labels_dorsal_tn.jpg,https://media01.symbiota.org/media/ecdysis/UA_UAIC/202108/UAIC1137698_labels_dorsal_lg.jpg,image/jpeg,StillImage,Photograph,,"University of Arizona Insect Collection (UA-UA)",,"CC0 1.0 (Public-domain)",http://creativecommons.org/publicdomain/zero/1.0/,,,,urn:uuid:8273768b-d794-421d-85a8-56c56c74979b,"2022-08-02 11:51:57",https://ecdysis.org/collections/individual/index.php?occid=1066332,en
1066343,https://media01.symbiota.org/media/ecdysis/UA_UAIC/202108/UAIC1137672_labels_dorsal.JPG,https://media01.symbiota.org/media/ecdysis/UA_UAIC/202108/UAIC1137672_labels_dorsal.JPG,https://media01.symbiota.org/media/ecdysis/UA_UAIC/202108/UAIC1137672_labels_dorsal_tn.jpg,https://media01.symbiota.org/media/ecdysis/UA_UAIC/202108/UAIC1137672_labels_dorsal_lg.jpg,image/jpeg,StillImage,Photograph,,"University of Arizona Insect Collection (UA-UA)",,"CC0 1.0 (Public-domain)",http://creativecommons.org/publicdomain/zero/1.0/,,,,urn:uuid:9cc20e09-6c28-4c56-901a-2af7d265206a,"2022-08-02 11:51:57",https://ecdysis.org/collections/individual/index.php?occid=1066343,en
1066344,https://media01.symbiota.org/media/ecdysis/UA_UAIC/202108/UAIC1137683_labels_dorsal.JPG,https://media01.symbiota.org/media/ecdysis/UA_UAIC/202108/UAIC1137683_labels_dorsal.JPG,https://media01.symbiota.org/media/ecdysis/UA_UAIC/202108/UAIC1137683_labels_dorsal_tn.jpg,https://media01.symbiota.org/media/ecdysis/UA_UAIC/202108/UAIC1137683_labels_dorsal_lg.jpg,image/jpeg,StillImage,Photograph,,"University of Arizona Insect Collection (UA-UA)",,"CC0 1.0 (Public-domain)",http://creativecommons.org/publicdomain/zero/1.0/,,,,urn:uuid:c724a0b8-7cd6-46f7-a06f-50592bcef658,"2022-08-02 11:51:57",https://ecdysis.org/collections/individual/index.php?occid=1066344,en
1066345,https://media01.symbiota.org/media/ecdysis/UA_UAIC/202108/UAIC1137684_labels_dorsal.JPG,https://media01.symbiota.org/media/ecdysis/UA_UAIC/202108/UAIC1137684_labels_dorsal.JPG,https://media01.symbiota.org/media/ecdysis/UA_UAIC/202108/UAIC1137684_labels_dorsal_tn.jpg,https://media01.symbiota.org/media/ecdysis/UA_UAIC/202108/UAIC1137684_labels_dorsal_lg.jpg,image/jpeg,StillImage,Photograph,,"University of Arizona Insect Collection (UA-UA)",,"CC0 1.0 (Public-domain)",http://creativecommons.org/publicdomain/zero/1.0/,,,,urn:uuid:466b6c0e-f42c-4e58-b419-b7e3cf5c8223,"2022-08-02 11:51:57",https://ecdysis.org/collections/individual/index.php?occid=1066345,en
1066413,https://media01.symbiota.org/media/ecdysis/UA_UAIC/202108/UAIC1137680_labels_dorsal.JPG,https://media01.symbiota.org/media/ecdysis/UA_UAIC/202108/UAIC1137680_labels_dorsal.JPG,https://media01.symbiota.org/media/ecdysis/UA_UAIC/202108/UAIC1137680_labels_dorsal_tn.jpg,https://media01.symbiota.org/media/ecdysis/UA_UAIC/202108/UAIC1137680_labels_dorsal_lg.jpg,image/jpeg,StillImage,Photograph,,"University of Arizona Insect Collection (UA-UA)",,"CC0 1.0 (Public-domain)",http://creativecommons.org/publicdomain/zero/1.0/,,,,urn:uuid:96f04d65-96a2-44f2-be0c-2bdb15652d2c,"2022-08-02 11:51:57",https://ecdysis.org/collections/individual/index.php?occid=1066413,en
1066426,https://media01.symbiota.org/media/ecdysis/UA_UAIC/202108/UAIC1137678_labels_dorsal.JPG,https://media01.symbiota.org/media/ecdysis/UA_UAIC/202108/UAIC1137678_labels_dorsal.JPG,https://media01.symbiota.org/media/ecdysis/UA_UAIC/202108/UAIC1137678_labels_dorsal_tn.jpg,https://media01.symbiota.org/media/ecdysis/UA_UAIC/202108/UAIC1137678_labels_dorsal_lg.jpg,image/jpeg,StillImage,Photograph,,"University of Arizona Insect Collection (UA-UA)",,"CC0 1.0 (Public-domain)",http://creativecommons.org/publicdomain/zero/1.0/,,,,urn:uuid:27fe19b0-2494-46ad-8433-101f5c5e0fa4,"2022-08-02 11:51:57",https://ecdysis.org/collections/individual/index.php?occid=1066426,en
1066427,https://media01.symbiota.org/media/ecdysis/UA_UAIC/202108/UAIC1137700_labels_dorsal.JPG,https://media01.symbiota.org/media/ecdysis/UA_UAIC/202108/UAIC1137700_labels_dorsal.JPG,https://media01.symbiota.org/media/ecdysis/UA_UAIC/202108/UAIC1137700_labels_dorsal_tn.jpg,https://media01.symbiota.org/media/ecdysis/UA_UAIC/202108/UAIC1137700_labels_dorsal_lg.jpg,image/jpeg,StillImage,Photograph,,"University of Arizona Insect Collection (UA-UA)",,"CC0 1.0 (Public-domain)",http://creativecommons.org/publicdomain/zero/1.0/,,,,urn:uuid:e0edd6f9-ba5e-484e-b577-8f52c069026b,"2022-08-02 11:51:57",https://ecdysis.org/collections/individual/index.php?occid=1066427,en
1066428,https://media01.symbiota.org/media/ecdysis/UA_UAIC/202108/UAIC1137701_labels_dorsal.JPG,https://media01.symbiota.org/media/ecdysis/UA_UAIC/202108/UAIC1137701_labels_dorsal.JPG,https://media01.symbiota.org/media/ecdysis/UA_UAIC/202108/UAIC1137701_labels_dorsal_tn.jpg,https://media01.symbiota.org/media/ecdysis/UA_UAIC/202108/UAIC1137701_labels_dorsal_lg.jpg,image/jpeg,StillImage,Photograph,,"University of Arizona Insect Collection (UA-UA)",,"CC0 1.0 (Public-domain)",http://creativecommons.org/publicdomain/zero/1.0/,,,,urn:uuid:7506a827-2887-4f4c-af51-9d04885f7e22,"2022-08-02 11:51:57",https://ecdysis.org/collections/individual/index.php?occid=1066428,en
1066977,https://media01.symbiota.org/media/ecdysis/UA_UAIC/202108/UAIC1137671_labels_dorsal.JPG,https://media01.symbiota.org/media/ecdysis/UA_UAIC/202108/UAIC1137671_labels_dorsal.JPG,https://media01.symbiota.org/media/ecdysis/UA_UAIC/202108/UAIC1137671_labels_dorsal_tn.jpg,https://media01.symbiota.org/media/ecdysis/UA_UAIC/202108/UAIC1137671_labels_dorsal_lg.jpg,image/jpeg,StillImage,Photograph,,"University of Arizona Insect Collection (UA-UA)",,"CC0 1.0 (Public-domain)",http://creativecommons.org/publicdomain/zero/1.0/,,,,urn:uuid:be375f52-ce3d-40a9-876a-8f7b45a117b1,"2022-08-02 11:51:57",https://ecdysis.org/collections/individual/index.php?occid=1066977,en
1066978,https://media01.symbiota.org/media/ecdysis/UA_UAIC/202108/UAIC1137674_labels_dorsal.JPG,https://media01.symbiota.org/media/ecdysis/UA_UAIC/202108/UAIC1137674_labels_dorsal.JPG,https://media01.symbiota.org/media/ecdysis/UA_UAIC/202108/UAIC1137674_labels_dorsal_tn.jpg,https://media01.symbiota.org/media/ecdysis/UA_UAIC/202108/UAIC1137674_labels_dorsal_lg.jpg,image/jpeg,StillImage,Photograph,,"University of Arizona Insect Collection (UA-UA)",,"CC0 1.0 (Public-domain)",http://creativecommons.org/publicdomain/zero/1.0/,,,,urn:uuid:182b8cb6-5343-4bca-b21f-56f54dd29a50,"2022-08-02 11:51:57",https://ecdysis.org/collections/individual/index.php?occid=1066978,en
1066979,https://media01.symbiota.org/media/ecdysis/UA_UAIC/202108/UAIC1137682_labels_dorsal.JPG,https://media01.symbiota.org/media/ecdysis/UA_UAIC/202108/UAIC1137682_labels_dorsal.JPG,https://media01.symbiota.org/media/ecdysis/UA_UAIC/202108/UAIC1137682_labels_dorsal_tn.jpg,https://media01.symbiota.org/media/ecdysis/UA_UAIC/202108/UAIC1137682_labels_dorsal_lg.jpg,image/jpeg,StillImage,Photograph,,"University of Arizona Insect Collection (UA-UA)",,"CC0 1.0 (Public-domain)",http://creativecommons.org/publicdomain/zero/1.0/,,,,urn:uuid:8c3ff342-d314-4988-83e6-5cca80a44e0d,"2022-08-02 11:51:57",https://ecdysis.org/collections/individual/index.php?occid=1066979,en
1066980,https://media01.symbiota.org/media/ecdysis/UA_UAIC/202108/UAIC1137688_labels_dorsal.JPG,https://media01.symbiota.org/media/ecdysis/UA_UAIC/202108/UAIC1137688_labels_dorsal.JPG,https://media01.symbiota.org/media/ecdysis/UA_UAIC/202108/UAIC1137688_labels_dorsal_tn.jpg,https://media01.symbiota.org/media/ecdysis/UA_UAIC/202108/UAIC1137688_labels_dorsal_lg.jpg,image/jpeg,StillImage,Photograph,,"University of Arizona Insect Collection (UA-UA)",,"CC0 1.0 (Public-domain)",http://creativecommons.org/publicdomain/zero/1.0/,,,,urn:uuid:57e153d0-e1bf-4682-9d8e-c378c36716b3,"2022-08-02 11:51:57",https://ecdysis.org/collections/individual/index.php?occid=1066980,en
1066981,https://media01.symbiota.org/media/ecdysis/UA_UAIC/202108/UAIC1137689_labels_dorsal.JPG,https://media01.symbiota.org/media/ecdysis/UA_UAIC/202108/UAIC1137689_labels_dorsal.JPG,https://media01.symbiota.org/media/ecdysis/UA_UAIC/202108/UAIC1137689_labels_dorsal_tn.jpg,https://media01.symbiota.org/media/ecdysis/UA_UAIC/202108/UAIC1137689_labels_dorsal_lg.jpg,image/jpeg,StillImage,Photograph,,"University of Arizona Insect Collection (UA-UA)",,"CC0 1.0 (Public-domain)",http://creativecommons.org/publicdomain/zero/1.0/,,,,urn:uuid:7f483af0-3469-47aa-9977-491c7c2b2855,"2022-08-02 11:51:57",https://ecdysis.org/collections/individual/index.php?occid=1066981,en
1066982,https://media01.symbiota.org/media/ecdysis/UA_UAIC/202108/UAIC1137691_labels_dorsal.JPG,https://media01.symbiota.org/media/ecdysis/UA_UAIC/202108/UAIC1137691_labels_dorsal.JPG,https://media01.symbiota.org/media/ecdysis/UA_UAIC/202108/UAIC1137691_labels_dorsal_tn.jpg,https://media01.symbiota.org/media/ecdysis/UA_UAIC/202108/UAIC1137691_labels_dorsal_lg.jpg,image/jpeg,StillImage,Photograph,,"University of Arizona Insect Collection (UA-UA)",,"CC0 1.0 (Public-domain)",http://creativecommons.org/publicdomain/zero/1.0/,,,,urn:uuid:d25cb399-af58-448f-882a-d33e2edf0750,"2022-08-02 11:51:57",https://ecdysis.org/collections/individual/index.php?occid=1066982,en
1066983,https://media01.symbiota.org/media/ecdysis/UA_UAIC/202108/UAIC1137692_labels_dorsal.JPG,https://media01.symbiota.org/media/ecdysis/UA_UAIC/202108/UAIC1137692_labels_dorsal.JPG,https://media01.symbiota.org/media/ecdysis/UA_UAIC/202108/UAIC1137692_labels_dorsal_tn.jpg,https://media01.symbiota.org/media/ecdysis/UA_UAIC/202108/UAIC1137692_labels_dorsal_lg.jpg,image/jpeg,StillImage,Photograph,,"University of Arizona Insect Collection (UA-UA)",,"CC0 1.0 (Public-domain)",http://creativecommons.org/publicdomain/zero/1.0/,,,,urn:uuid:384e4d35-bf99-49ba-8855-1bc49a3c0a1b,"2022-08-02 11:51:57",https://ecdysis.org/collections/individual/index.php?occid=1066983,en
1067961,https://media01.symbiota.org/media/ecdysis/UA_UAIC/202108/UAIC1138362_labels_dorsal.JPG,https://media01.symbiota.org/media/ecdysis/UA_UAIC/202108/UAIC1138362_labels_dorsal.JPG,https://media01.symbiota.org/media/ecdysis/UA_UAIC/202108/UAIC1138362_labels_dorsal_tn.jpg,https://media01.symbiota.org/media/ecdysis/UA_UAIC/202108/UAIC1138362_labels_dorsal_lg.jpg,image/jpeg,StillImage,Photograph,,"University of Arizona Insect Collection (UA-UA)",,"CC0 1.0 (Public-domain)",http://creativecommons.org/publicdomain/zero/1.0/,,,,urn:uuid:8b9a92b0-cb2d-4837-9732-daff5c6f64ee,"2022-08-02 11:51:57",https://ecdysis.org/collections/individual/index.php?occid=1067961,en
1489865,https://media01.symbiota.org/media/ecdysis/FSCA/FSCA00101/FSCA_00101920_had.JPG,https://media01.symbiota.org/media/ecdysis/FSCA/FSCA00101/FSCA_00101920_had.JPG,https://media01.symbiota.org/media/ecdysis/FSCA/FSCA00101/FSCA_00101920_had_tn.jpg,https://media01.symbiota.org/media/ecdysis/FSCA/FSCA00101/FSCA_00101920_had_med.jpg,image/jpeg,StillImage,Photograph,,"Florida State Collection of Arthropods",,"CC0 1.0 (Public-domain)",http://creativecommons.org/publicdomain/zero/1.0/,,,,urn:uuid:b9a631cf-372e-4838-b511-be4805414bb3,"2024-01-09 12:11:11",https://ecdysis.org/collections/individual/index.php?occid=1489865,en
1485600,https://media01.symbiota.org/media/ecdysis/FSCA/FSCA00101/FSCA_00101923_had.JPG,https://media01.symbiota.org/media/ecdysis/FSCA/FSCA00101/FSCA_00101923_had.JPG,https://media01.symbiota.org/media/ecdysis/FSCA/FSCA00101/FSCA_00101923_had_tn.jpg,https://media01.symbiota.org/media/ecdysis/FSCA/FSCA00101/FSCA_00101923_had_med.jpg,image/jpeg,StillImage,Photograph,,"Florida State Collection of Arthropods",,"CC0 1.0 (Public-domain)",http://creativecommons.org/publicdomain/zero/1.0/,,,,urn:uuid:a6d37557-ec7e-4134-8798-0d5fd2f615b4,"2024-01-09 12:12:50",https://ecdysis.org/collections/individual/index.php?occid=1485600,en
1487469,https://media01.symbiota.org/media/ecdysis/FSCA/FSCA00101/FSCA_00101924_had.JPG,https://media01.symbiota.org/media/ecdysis/FSCA/FSCA00101/FSCA_00101924_had.JPG,https://media01.symbiota.org/media/ecdysis/FSCA/FSCA00101/FSCA_00101924_had_tn.jpg,https://media01.symbiota.org/media/ecdysis/FSCA/FSCA00101/FSCA_00101924_had_med.jpg,image/jpeg,StillImage,Photograph,,"Florida State Collection of Arthropods",,"CC0 1.0 (Public-domain)",http://creativecommons.org/publicdomain/zero/1.0/,,,,urn:uuid:2fea73c1-c4e5-435e-ac78-296a59d57d9b,"2024-01-09 12:18:46",https://ecdysis.org/collections/individual/index.php?occid=1487469,en
1486758,https://media01.symbiota.org/media/ecdysis/FSCA/FSCA00101/FSCA_00101922_had.JPG,https://media01.symbiota.org/media/ecdysis/FSCA/FSCA00101/FSCA_00101922_had.JPG,https://media01.symbiota.org/media/ecdysis/FSCA/FSCA00101/FSCA_00101922_had_tn.jpg,https://media01.symbiota.org/media/ecdysis/FSCA/FSCA00101/FSCA_00101922_had_med.jpg,image/jpeg,StillImage,Photograph,,"Florida State Collection of Arthropods",,"CC0 1.0 (Public-domain)",http://creativecommons.org/publicdomain/zero/1.0/,,,,urn:uuid:783aa5b7-5afc-4ce5-9729-2498c3e6b2a4,"2024-01-09 12:29:00",https://ecdysis.org/collections/individual/index.php?occid=1486758,en
1484133,https://media01.symbiota.org/media/ecdysis/FSCA/FSCA00101/FSCA_00101921_had.JPG,https://media01.symbiota.org/media/ecdysis/FSCA/FSCA00101/FSCA_00101921_had.JPG,https://media01.symbiota.org/media/ecdysis/FSCA/FSCA00101/FSCA_00101921_had_tn.jpg,https://media01.symbiota.org/media/ecdysis/FSCA/FSCA00101/FSCA_00101921_had_med.jpg,image/jpeg,StillImage,Photograph,,"Florida State Collection of Arthropods",,"CC0 1.0 (Public-domain)",http://creativecommons.org/publicdomain/zero/1.0/,,,,urn:uuid:06fc6ee1-26a1-43d4-b1e6-0170b5eb1518,"2024-01-09 12:32:49",https://ecdysis.org/collections/individual/index.php?occid=1484133,en
1486758,https://media01.symbiota.org/media/ecdysis/FSCA/FSCA00101/FSCA_00101922_low_had.JPG,https://media01.symbiota.org/media/ecdysis/FSCA/FSCA00101/FSCA_00101922_low_had.JPG,https://media01.symbiota.org/media/ecdysis/FSCA/FSCA00101/FSCA_00101922_low_had_tn.jpg,https://media01.symbiota.org/media/ecdysis/FSCA/FSCA00101/FSCA_00101922_low_had_med.jpg,image/jpeg,StillImage,Photograph,,"Florida State Collection of Arthropods",,"CC0 1.0 (Public-domain)",http://creativecommons.org/publicdomain/zero/1.0/,,,,urn:uuid:71404295-ba37-4e3b-bfce-e9838d382163,"2024-02-07 10:58:23",https://ecdysis.org/collections/individual/index.php?occid=1486758,en
1489865,https://media01.symbiota.org/media/ecdysis/FSCA/FSCA00101/FSCA_00101920_low_had.JPG,https://media01.symbiota.org/media/ecdysis/FSCA/FSCA00101/FSCA_00101920_low_had.JPG,https://media01.symbiota.org/media/ecdysis/FSCA/FSCA00101/FSCA_00101920_low_had_tn.jpg,https://media01.symbiota.org/media/ecdysis/FSCA/FSCA00101/FSCA_00101920_low_had_med.jpg,image/jpeg,StillImage,Photograph,,"Florida State Collection of Arthropods",,"CC0 1.0 (Public-domain)",http://creativecommons.org/publicdomain/zero/1.0/,,,,urn:uuid:e3318df8-30a3-4f14-a70f-178a84da3e1d,"2024-02-07 11:00:19",https://ecdysis.org/collections/individual/index.php?occid=1489865,en
1487469,https://media01.symbiota.org/media/ecdysis/FSCA/FSCA00101/FSCA_00101924_low_had.JPG,https://media01.symbiota.org/media/ecdysis/FSCA/FSCA00101/FSCA_00101924_low_had.JPG,https://media01.symbiota.org/media/ecdysis/FSCA/FSCA00101/FSCA_00101924_low_had_tn.jpg,https://media01.symbiota.org/media/ecdysis/FSCA/FSCA00101/FSCA_00101924_low_had_med.jpg,image/jpeg,StillImage,Photograph,,"Florida State Collection of Arthropods",,"CC0 1.0 (Public-domain)",http://creativecommons.org/publicdomain/zero/1.0/,,,,urn:uuid:0057b8aa-93d0-448c-916d-e5d865df52db,"2024-02-07 11:03:10",https://ecdysis.org/collections/individual/index.php?occid=1487469,en
1485600,https://media01.symbiota.org/media/ecdysis/FSCA/FSCA00101/FSCA_00101923_low_had.JPG,https://media01.symbiota.org/media/ecdysis/FSCA/FSCA00101/FSCA_00101923_low_had.JPG,https://media01.symbiota.org/media/ecdysis/FSCA/FSCA00101/FSCA_00101923_low_had_tn.jpg,https://media01.symbiota.org/media/ecdysis/FSCA/FSCA00101/FSCA_00101923_low_had_med.jpg,image/jpeg,StillImage,Photograph,,"Florida State Collection of Arthropods",,"CC0 1.0 (Public-domain)",http://creativecommons.org/publicdomain/zero/1.0/,,,,urn:uuid:38da35e8-440d-486e-9c3f-b5bd3a9ebeb0,"2024-02-07 11:07:41",https://ecdysis.org/collections/individual/index.php?occid=1485600,en
1484133,https://media01.symbiota.org/media/ecdysis/FSCA/FSCA00101/FSCA_00101921_low_had.JPG,https://media01.symbiota.org/media/ecdysis/FSCA/FSCA00101/FSCA_00101921_low_had.JPG,https://media01.symbiota.org/media/ecdysis/FSCA/FSCA00101/FSCA_00101921_low_had_tn.jpg,https://media01.symbiota.org/media/ecdysis/FSCA/FSCA00101/FSCA_00101921_low_had_med.jpg,image/jpeg,StillImage,Photograph,,"Florida State Collection of Arthropods",,"CC0 1.0 (Public-domain)",http://creativecommons.org/publicdomain/zero/1.0/,,,,urn:uuid:9dfad9fd-41c8-4423-a763-4820c159b87b,"2024-02-07 11:21:03",https://ecdysis.org/collections/individual/index.php?occid=1484133,en
3324739,https://media01.symbiota.org/media/ecdysis/UA_UAIC/UAIC1138/UAIC1138363_F_Lateral_K2_CF-3_P3.jpg,https://media01.symbiota.org/media/ecdysis/UA_UAIC/UAIC1138/UAIC1138363_F_Lateral_K2_CF-3_P3.jpg,https://media01.symbiota.org/media/ecdysis/UA_UAIC/UAIC1138/UAIC1138363_F_Lateral_K2_CF-3_P3_tn.jpg,https://media01.symbiota.org/media/ecdysis/UA_UAIC/UAIC1138/UAIC1138363_F_Lateral_K2_CF-3_P3_med.jpg,image/jpeg,StillImage,Photograph,,"University of Arizona Insect Collection",,"CC0 1.0 (Public-domain)",http://creativecommons.org/publicdomain/zero/1.0/,,,,urn:uuid:94b12d5e-7741-433c-9e38-8944902f12fc,"2024-03-02 10:56:36",https://ecdysis.org/collections/individual/index.php?occid=3324739,en
3324739,https://media01.symbiota.org/media/ecdysis/UA_UAIC/UAIC1138/UAIC1138363_F_Dorsal_K2_CF-3_P3.jpg,https://media01.symbiota.org/media/ecdysis/UA_UAIC/UAIC1138/UAIC1138363_F_Dorsal_K2_CF-3_P3.jpg,https://media01.symbiota.org/media/ecdysis/UA_UAIC/UAIC1138/UAIC1138363_F_Dorsal_K2_CF-3_P3_tn.jpg,https://media01.symbiota.org/media/ecdysis/UA_UAIC/UAIC1138/UAIC1138363_F_Dorsal_K2_CF-3_P3_med.jpg,image/jpeg,StillImage,Photograph,,"University of Arizona Insect Collection",,"CC0 1.0 (Public-domain)",http://creativecommons.org/publicdomain/zero/1.0/,,,,urn:uuid:594fb6ca-9926-4507-a961-700f576cb78d,"2024-03-02 10:57:01",https://ecdysis.org/collections/individual/index.php?occid=3324739,en
1067961,https://media01.symbiota.org/media/ecdysis/UA_UAIC/UAIC1138/UAIC1138362_F_Face_K2_CF-4_P3.jpg,https://media01.symbiota.org/media/ecdysis/UA_UAIC/UAIC1138/UAIC1138362_F_Face_K2_CF-4_P3.jpg,https://media01.symbiota.org/media/ecdysis/UA_UAIC/UAIC1138/UAIC1138362_F_Face_K2_CF-4_P3_tn.jpg,https://media01.symbiota.org/media/ecdysis/UA_UAIC/UAIC1138/UAIC1138362_F_Face_K2_CF-4_P3_med.jpg,image/jpeg,StillImage,Photograph,,"University of Arizona Insect Collection",,"CC0 1.0 (Public-domain)",http://creativecommons.org/publicdomain/zero/1.0/,,,,urn:uuid:ebb8555b-3b36-4883-9b00-fe61433537af,"2024-03-02 10:57:42",https://ecdysis.org/collections/individual/index.php?occid=1067961,en
3324680,https://media01.symbiota.org/media/ecdysis/UA_UAIC/UAIC1138/UAIC1138306_M_Abdomen_K2_CF-4_P3.jpg,https://media01.symbiota.org/media/ecdysis/UA_UAIC/UAIC1138/UAIC1138306_M_Abdomen_K2_CF-4_P3.jpg,https://media01.symbiota.org/media/ecdysis/UA_UAIC/UAIC1138/UAIC1138306_M_Abdomen_K2_CF-4_P3_tn.jpg,https://media01.symbiota.org/media/ecdysis/UA_UAIC/UAIC1138/UAIC1138306_M_Abdomen_K2_CF-4_P3_med.jpg,image/jpeg,StillImage,Photograph,,"University of Arizona Insect Collection",,"CC0 1.0 (Public-domain)",http://creativecommons.org/publicdomain/zero/1.0/,,,,urn:uuid:e64cc8b0-1946-46ed-9450-5db3a0dabdd9,"2024-03-02 10:58:59",https://ecdysis.org/collections/individual/index.php?occid=3324680,en
1067961,https://media01.symbiota.org/media/ecdysis/UA_UAIC/UAIC1138/UAIC1138362_F_Dorsal_K2_CF-3_P2.jpg,https://media01.symbiota.org/media/ecdysis/UA_UAIC/UAIC1138/UAIC1138362_F_Dorsal_K2_CF-3_P2.jpg,https://media01.symbiota.org/media/ecdysis/UA_UAIC/UAIC1138/UAIC1138362_F_Dorsal_K2_CF-3_P2_tn.jpg,https://media01.symbiota.org/media/ecdysis/UA_UAIC/UAIC1138/UAIC1138362_F_Dorsal_K2_CF-3_P2_med.jpg,image/jpeg,StillImage,Photograph,,"University of Arizona Insect Collection",,"CC0 1.0 (Public-domain)",http://creativecommons.org/publicdomain/zero/1.0/,,,,urn:uuid:18ed6535-46de-4a00-b13c-c8faede07561,"2024-03-02 10:59:11",https://ecdysis.org/collections/individual/index.php?occid=1067961,en
1067961,https://media01.symbiota.org/media/ecdysis/UA_UAIC/UAIC1138/UAIC1138362_F_Lateral_K2_CF-3_P2.jpg,https://media01.symbiota.org/media/ecdysis/UA_UAIC/UAIC1138/UAIC1138362_F_Lateral_K2_CF-3_P2.jpg,https://media01.symbiota.org/media/ecdysis/UA_UAIC/UAIC1138/UAIC1138362_F_Lateral_K2_CF-3_P2_tn.jpg,https://media01.symbiota.org/media/ecdysis/UA_UAIC/UAIC1138/UAIC1138362_F_Lateral_K2_CF-3_P2_med.jpg,image/jpeg,StillImage,Photograph,,"University of Arizona Insect Collection",,"CC0 1.0 (Public-domain)",http://creativecommons.org/publicdomain/zero/1.0/,,,,urn:uuid:1444158a-fda6-4568-a6d6-81872acb3fcf,"2024-03-02 10:59:23",https://ecdysis.org/collections/individual/index.php?occid=1067961,en
1067961,https://media01.symbiota.org/media/ecdysis/UA_UAIC/UAIC1138/UAIC1138362_F_Abdomen_K2_CF-4_P3.jpg,https://media01.symbiota.org/media/ecdysis/UA_UAIC/UAIC1138/UAIC1138362_F_Abdomen_K2_CF-4_P3.jpg,https://media01.symbiota.org/media/ecdysis/UA_UAIC/UAIC1138/UAIC1138362_F_Abdomen_K2_CF-4_P3_tn.jpg,https://media01.symbiota.org/media/ecdysis/UA_UAIC/UAIC1138/UAIC1138362_F_Abdomen_K2_CF-4_P3_med.jpg,image/jpeg,StillImage,Photograph,,"University of Arizona Insect Collection",,"CC0 1.0 (Public-domain)",http://creativecommons.org/publicdomain/zero/1.0/,,,,urn:uuid:04974eb8-ab8f-456e-a35e-31fcc8806b89,"2024-03-02 11:01:07",https://ecdysis.org/collections/individual/index.php?occid=1067961,en
3324680,https://media01.symbiota.org/media/ecdysis/UA_UAIC/UAIC1138/UAIC1138306_M_Face_K2_5x_P1.jpg,https://media01.symbiota.org/media/ecdysis/UA_UAIC/UAIC1138/UAIC1138306_M_Face_K2_5x_P1.jpg,https://media01.symbiota.org/media/ecdysis/UA_UAIC/UAIC1138/UAIC1138306_M_Face_K2_5x_P1_tn.jpg,https://media01.symbiota.org/media/ecdysis/UA_UAIC/UAIC1138/UAIC1138306_M_Face_K2_5x_P1_med.jpg,image/jpeg,StillImage,Photograph,,"University of Arizona Insect Collection",,"CC0 1.0 (Public-domain)",http://creativecommons.org/publicdomain/zero/1.0/,,,,urn:uuid:6456222a-0d3a-46cc-bb45-49e3e520be39,"2024-03-02 11:01:37",https://ecdysis.org/collections/individual/index.php?occid=3324680,en
3324680,https://media01.symbiota.org/media/ecdysis/UA_UAIC/UAIC1138/UAIC1138306_M_Lateral_K2_CF-3_P2.jpg,https://media01.symbiota.org/media/ecdysis/UA_UAIC/UAIC1138/UAIC1138306_M_Lateral_K2_CF-3_P2.jpg,https://media01.symbiota.org/media/ecdysis/UA_UAIC/UAIC1138/UAIC1138306_M_Lateral_K2_CF-3_P2_tn.jpg,https://media01.symbiota.org/media/ecdysis/UA_UAIC/UAIC1138/UAIC1138306_M_Lateral_K2_CF-3_P2_med.jpg,image/jpeg,StillImage,Photograph,,"University of Arizona Insect Collection",,"CC0 1.0 (Public-domain)",http://creativecommons.org/publicdomain/zero/1.0/,,,,urn:uuid:172cc987-a81e-4185-a670-18cefe46c6c2,"2024-03-02 11:01:38",https://ecdysis.org/collections/individual/index.php?occid=3324680,en
3324738,https://media01.symbiota.org/media/ecdysis/UA_UAIC/UAIC1138/UAIC1138361_F_Face_K2_CF-4_P3.jpg,https://media01.symbiota.org/media/ecdysis/UA_UAIC/UAIC1138/UAIC1138361_F_Face_K2_CF-4_P3.jpg,https://media01.symbiota.org/media/ecdysis/UA_UAIC/UAIC1138/UAIC1138361_F_Face_K2_CF-4_P3_tn.jpg,https://media01.symbiota.org/media/ecdysis/UA_UAIC/UAIC1138/UAIC1138361_F_Face_K2_CF-4_P3_med.jpg,image/jpeg,StillImage,Photograph,,"University of Arizona Insect Collection",,"CC0 1.0 (Public-domain)",http://creativecommons.org/publicdomain/zero/1.0/,,,,urn:uuid:3a15dddf-9010-4069-976e-927722182fbd,"2024-03-04 08:32:33",https://ecdysis.org/collections/individual/index.php?occid=3324738,en
3324738,https://media01.symbiota.org/media/ecdysis/UA_UAIC/UAIC1138/UAIC1138361_F_Lateral_K2_CF-3_P2.jpg,https://media01.symbiota.org/media/ecdysis/UA_UAIC/UAIC1138/UAIC1138361_F_Lateral_K2_CF-3_P2.jpg,https://media01.symbiota.org/media/ecdysis/UA_UAIC/UAIC1138/UAIC1138361_F_Lateral_K2_CF-3_P2_tn.jpg,https://media01.symbiota.org/media/ecdysis/UA_UAIC/UAIC1138/UAIC1138361_F_Lateral_K2_CF-3_P2_med.jpg,image/jpeg,StillImage,Photograph,,"University of Arizona Insect Collection",,"CC0 1.0 (Public-domain)",http://creativecommons.org/publicdomain/zero/1.0/,,,,urn:uuid:66e4ef69-c210-431b-afc1-26cb51b3ef7e,"2024-03-04 08:33:18",https://ecdysis.org/collections/individual/index.php?occid=3324738,en
3324680,https://media01.symbiota.org/media/ecdysis/UA_UAIC/UAIC1138/UAIC1138306_M_Dorsal_K2_CF-3_P3.jpg,https://media01.symbiota.org/media/ecdysis/UA_UAIC/UAIC1138/UAIC1138306_M_Dorsal_K2_CF-3_P3.jpg,https://media01.symbiota.org/media/ecdysis/UA_UAIC/UAIC1138/UAIC1138306_M_Dorsal_K2_CF-3_P3_tn.jpg,https://media01.symbiota.org/media/ecdysis/UA_UAIC/UAIC1138/UAIC1138306_M_Dorsal_K2_CF-3_P3_med.jpg,image/jpeg,StillImage,Photograph,,"University of Arizona Insect Collection",,"CC0 1.0 (Public-domain)",http://creativecommons.org/publicdomain/zero/1.0/,,,,urn:uuid:0a54f4c7-3372-41f2-a303-f686baca8328,"2024-03-04 08:34:12",https://ecdysis.org/collections/individual/index.php?occid=3324680,en
3324739,https://media01.symbiota.org/media/ecdysis/UA_UAIC/UAIC1138/UAIC1138363_F_Abdomen_K2_CF-4_P3.jpg,https://media01.symbiota.org/media/ecdysis/UA_UAIC/UAIC1138/UAIC1138363_F_Abdomen_K2_CF-4_P3.jpg,https://media01.symbiota.org/media/ecdysis/UA_UAIC/UAIC1138/UAIC1138363_F_Abdomen_K2_CF-4_P3_tn.jpg,https://media01.symbiota.org/media/ecdysis/UA_UAIC/UAIC1138/UAIC1138363_F_Abdomen_K2_CF-4_P3_med.jpg,image/jpeg,StillImage,Photograph,,"University of Arizona Insect Collection",,"CC0 1.0 (Public-domain)",http://creativecommons.org/publicdomain/zero/1.0/,,,,urn:uuid:46d4766d-81b8-4188-af27-0b91c62ca34d,"2024-03-04 08:34:38",https://ecdysis.org/collections/individual/index.php?occid=3324739,en
3324738,https://media01.symbiota.org/media/ecdysis/UA_UAIC/UAIC1138/UAIC1138361_F_Abdomen_K2_CF-4_P3.jpg,https://media01.symbiota.org/media/ecdysis/UA_UAIC/UAIC1138/UAIC1138361_F_Abdomen_K2_CF-4_P3.jpg,https://media01.symbiota.org/media/ecdysis/UA_UAIC/UAIC1138/UAIC1138361_F_Abdomen_K2_CF-4_P3_tn.jpg,https://media01.symbiota.org/media/ecdysis/UA_UAIC/UAIC1138/UAIC1138361_F_Abdomen_K2_CF-4_P3_med.jpg,image/jpeg,StillImage,Photograph,,"University of Arizona Insect Collection",,"CC0 1.0 (Public-domain)",http://creativecommons.org/publicdomain/zero/1.0/,,,,urn:uuid:9ffe33f2-c055-4dfa-9a5c-1148d6f58275,"2024-03-04 08:35:39",https://ecdysis.org/collections/individual/index.php?occid=3324738,en
3324739,https://media01.symbiota.org/media/ecdysis/UA_UAIC/UAIC1138/UAIC1138363_F_Face_K2_CF-4_P3.jpg,https://media01.symbiota.org/media/ecdysis/UA_UAIC/UAIC1138/UAIC1138363_F_Face_K2_CF-4_P3.jpg,https://media01.symbiota.org/media/ecdysis/UA_UAIC/UAIC1138/UAIC1138363_F_Face_K2_CF-4_P3_tn.jpg,https://media01.symbiota.org/media/ecdysis/UA_UAIC/UAIC1138/UAIC1138363_F_Face_K2_CF-4_P3_med.jpg,image/jpeg,StillImage,Photograph,,"University of Arizona Insect Collection",,"CC0 1.0 (Public-domain)",http://creativecommons.org/publicdomain/zero/1.0/,,,,urn:uuid:851fe2b0-86ba-47e8-9d86-797d19a0bd45,"2024-03-04 08:35:59",https://ecdysis.org/collections/individual/index.php?occid=3324739,en
3324738,https://media01.symbiota.org/media/ecdysis/UA_UAIC/UAIC1138/UAIC1138361_F_Dorsal_K2_CF-3_P3.jpg,https://media01.symbiota.org/media/ecdysis/UA_UAIC/UAIC1138/UAIC1138361_F_Dorsal_K2_CF-3_P3.jpg,https://media01.symbiota.org/media/ecdysis/UA_UAIC/UAIC1138/UAIC1138361_F_Dorsal_K2_CF-3_P3_tn.jpg,https://media01.symbiota.org/media/ecdysis/UA_UAIC/UAIC1138/UAIC1138361_F_Dorsal_K2_CF-3_P3_med.jpg,image/jpeg,StillImage,Photograph,,"University of Arizona Insect Collection",,"CC0 1.0 (Public-domain)",http://creativecommons.org/publicdomain/zero/1.0/,,,,urn:uuid:548c4c33-5b3d-47dc-bba8-15caf8fd0d3d,"2024-03-04 08:36:06",https://ecdysis.org/collections/individual/index.php?occid=3324738,en
